nome,genero,presenca_plenario,ausencia_plenario,ausencia_justificada_plenario,presenca_comissao,ausencia_comissao,ausencia_justificada_comissao,data_nascimento,salario_bruto,quant_viagem,gasto_total_gab,gasto_jan_gab,gasto_fev_gab,gasto_mar_gab,gasto_abr_gab,gasto_maio_gab,gasto_junho_gab,gasto_jul_gab,gasto_agosto_gab,gasto_set_gab,gasto_out_gab,gasto_nov_gab,gasto_dez_gab,gasto_total_par,gasto_jan_par,gasto_fev_par,gasto_mar_par,gasto_abr_par,gasto_maio_par,gasto_junho_par,gasto_jul_par,gasto_agosto_par,gasto_set_par,gasto_out_par,gasto_nov_par,gasto_dez_par
 JOSE ABILIO SILVA DE SANTANA,M,74,0,0,14,10,0, 13/02/1965,"33.763,00",0,"1.108.321,75","111.465,40","110.533,22","110.100,41","110.786,04","110.880,16","111.233,47","110.081,76","111.544,21","110.215,80","111.481,28",0,0,"247.344,95","33.227,00","39.252,23","40.431,29","42.361,77","47.223,74","35.504,89","9.344,03",0,0,0,0,0
 ALAN RICK MIRANDA,M,68,3,4,25,6,4, 23/10/1976,"33.763,00",0,"1.078.268,62","101.892,42","102.534,86","102.426,62","104.157,16","111.523,01","109.314,55","111.605,00","111.605,00","111.605,00","111.605,00",0,0,"260.266,82","25.341,00","49.605,50","42.101,87","52.911,63","58.520,65","22.071,70","9.714,47",0,0,0,0,0
 ACÁCIO DA SILVA FAVACHO NETO,M,62,0,30,7,13,10, 28/09/1983,"33.763,00",0,"1.102.803,66","111.580,74","110.219,17","111.580,74","111.580,74","111.616,38","111.344,83","104.998,59","107.400,25","111.241,11","111.241,11",0,0,"359.004,95","53.128,93","68.164,59","36.043,19","33.949,34","34.152,00","31.013,23","28.767,50","36.398,45","23.741,26","13.646,46",0,0
 AÉCIO NEVES DA CUNHA,M,82,0,10,5,9,2, 10/03/1960,"33.763,00",1,"1.060.028,98","94.326,90","95.955,27","100.909,09","106.586,03","109.801,60","110.143,24","110.143,24","109.220,27","111.471,67","111.471,67",0,0,"277.312,30","39.186,59","27.534,82","38.926,50","34.658,66","30.032,66","23.189,71","18.791,37","19.260,07","25.008,05","18.219,61",0,0
 ADOLFO VIANA DE CASTRO NETO,M,74,0,18,3,2,0, 02/02/1981,"33.763,00",0,"1.038.693,82","99.324,67","102.260,18","104.117,05","105.126,72","105.126,72","104.072,48","102.746,18","105.126,72","105.126,72","105.666,38",0,0,"321.178,70","52.708,80","40.019,47","45.679,91","28.915,46","51.013,39","21.158,76","53.593,14","17.135,90","5.153,87","5.800,00",0,0
 ALCEU MOREIRA DA SILVA,M,79,3,10,25,4,6, 04/06/1954,"33.763,00",0,"1.099.097,84","111.429,24","111.429,24","111.389,34","109.930,00","111.580,90","111.595,06","111.376,03","111.097,00","104.210,91","105.060,12",0,0,"333.913,36","33.409,67","47.543,73","66.396,79","41.576,56","28.880,58","28.442,87","24.547,55","21.775,28","18.521,58","22.474,78",0,0
 AIRTON LUIZ FALEIRO,M,80,10,2,39,34,1, 16/03/1959,"33.763,00",0,"1.106.094,83","110.495,06","109.093,86","108.711,72","110.056,29","111.289,65","111.289,65","111.289,65","111.289,65","111.289,65","111.289,65",0,0,"310.929,21","35.394,75","15.750,75","52.334,70","69.448,32","59.994,95","30.701,91","23.743,07","13.560,75","10.000,01",0,0,0
 AFONSO ANTUNES DA MOTTA,M,90,2,0,33,16,10, 08/01/1950,"33.763,00",0,"1.032.442,88","104.034,98","104.034,98","103.913,86","100.280,23","99.498,32","99.974,51","104.249,61","105.630,26","105.630,26","105.195,87",0,0,"352.096,20","32.139,72","33.987,87","68.366,38","63.600,42","35.921,80","29.311,40","34.287,44","24.321,70","16.769,66","12.379,32",0,0
 AELTON JOSÉ DE FREITAS,M,83,7,2,22,14,2, 15/12/1961,"33.763,00",0,"1.102.022,19","111.326,04","111.343,59","111.629,35","111.629,35","111.457,94","111.397,84","107.361,35","107.874,60","107.874,60","110.127,53",0,0,"368.130,16","37.592,87","44.508,37","46.095,45","33.084,47","49.928,24","19.715,12","38.644,85","22.680,38","19.806,39","55.061,64",0,0
 ANTONIO JOSE AGUIAR ALBUQUERQUE,M,77,7,8,8,8,4, 26/09/1983,"33.763,00",0,"1.070.478,23","111.386,57","111.386,57","111.386,57","111.127,78","111.422,99","111.217,97","109.372,75","91.130,31","101.450,80","100.595,92",0,0,"285.631,58","20.904,41","48.923,15","29.493,45","50.213,67","61.247,64","8.046,24","21.729,25","18.453,95","10.715,78","15.326,76",0,0
 ALCIDES RODRIGUES FILHO,M,88,4,0,51,9,0, 08/10/1950,"33.763,00",0,"1.070.565,32","97.480,30","101.596,46","101.596,46","103.343,42","109.370,27","111.049,41","111.532,25","111.532,25","111.532,25","111.532,25",0,0,"343.296,43","8.890,42","41.162,85","42.491,68","43.132,46","49.169,45","47.869,00","38.484,01","34.961,71","33.557,10","2.541,76",0,0
 ALEX SPINELLI MANENTE,M,89,0,3,4,4,1, 22/08/1979,"33.763,00",0,"1.112.704,43","111.198,59","111.198,59","111.198,59","110.898,74","111.423,01","111.461,43","110.601,41","111.574,69","111.574,69","111.574,69",0,0,"132.011,29","15.300,72","26.359,99","26.151,48","23.508,22","16.355,44","10.874,70","4.235,82","9.077,31","5,81","141,80",0,0
 ALENCAR SANTANA BRAGA,M,80,0,12,22,0,1, 14/03/1976,"33.763,00",0,"1.110.423,93","111.647,56","108.748,11","110.276,93","111.574,82","111.574,82","111.574,82","111.574,82","110.900,35","111.538,44","111.013,26",0,0,"270.999,83","34.345,52","35.493,58","35.440,42","38.514,90","38.770,46","18.197,70","26.020,76","6.807,71","1.491,64","35.464,05",0,0
 ALESSANDRO LUCCIOLA MOLON,M,91,1,0,12,28,0, 28/10/1971,"33.763,00",0,"1.030.438,74","101.372,00","101.372,00","101.372,00","101.372,00","106.377,09","105.013,12","107.668,34","104.046,06","98.184,61","103.661,52",0,0,"255.002,23","31.570,48","30.384,44","50.567,81","42.126,95","31.402,04","27.611,34","29.369,28","10.660,58","519,41","789,90",0,0
 FERNANDO BEZERRA DE SOUZA COELHO FILHO,M,81,6,5,6,39,4, 28/02/1984,"33.763,00",0,"1.087.816,23","106.461,21","106.461,21","106.461,21","106.461,21","107.548,75","111.277,47","111.277,47","110.295,40","110.786,15","110.786,15",0,0,"265.195,17","32.904,38","26.191,67","46.599,60","42.640,35","22.991,65","38.141,86","34.943,44","7.902,03","1.389,61","11.490,58",0,0
 FERNANDO RODOLFO TENORIO DE VASCONCELOS,M,83,5,4,17,51,3, 17/11/1983,"33.763,00",0,"1.015.741,66","110.824,90","108.472,48","109.833,05","104.726,42","110.607,73","107.797,77","106.334,87","77.927,20","90.812,99","88.404,25",0,0,"295.230,86","34.398,75","34.442,45","46.954,27","61.790,50","42.253,99","30.175,92","26.376,10","10.140,69","7.883,19","815,00",0,0
 ALEXANDRE LEITE DA SILVA,M,87,0,5,56,8,0, 18/04/1989,"33.763,00",0,"947.897,17","93.571,49","93.571,49","93.571,49","94.428,17","94.899,88","94.899,88","96.331,01","98.874,32","93.874,72","93.874,72",0,0,"345.092,62","36.267,67","43.626,71","33.452,69","51.312,23","48.150,79","46.525,13","23.552,93","23.766,20","20.428,05","18.010,22",0,0
 FILIPE BARROS BAPTISTA DE TOLEDO RIBEIRO,M,82,0,10,13,10,3, 29/05/1991,"33.763,00",0,"938.905,52","97.669,43","98.842,46","98.853,61","101.434,99","105.314,69","105.934,61","105.601,33","88.221,20","71.613,40","65.419,80",0,0,"280.703,15","39.534,77","31.018,40","49.744,00","46.765,21","50.641,59","43.365,67","18.271,75","239,65","40,19","487,13",0,0
 ALEXANDRE ROCHA SANTOS PADILHA,M,90,1,1,87,26,6, 14/09/1971,"33.763,00",0,"1.114.786,73","111.641,51","111.641,51","111.641,51","111.641,51","111.641,51","111.641,51","110.013,14","111.641,51","111.641,51","111.641,51",0,0,"283.230,47","28.905,73","34.326,01","51.157,02","37.221,27","45.106,22","23.223,65","21.479,04","9.118,10","10.932,37","21.600,66",0,0
 ALEX MARCO SANTANA SOUSA,M,79,5,8,11,10,5, 22/06/1972,"33.763,00",0,"1.112.649,83","110.321,85","111.060,20","110.244,74","111.574,72","111.574,72","111.574,72","111.574,72","111.574,72","111.574,72","111.574,72",0,0,"348.773,27","36.828,58","39.595,76","45.254,75","45.428,67","30.562,91","32.839,29","36.321,00","33.993,98","23.336,07","24.612,26",0,0
 PAULO SERGIO ABOU ANNI,M,87,2,3,22,13,1, 06/11/1966,"33.763,00",0,"1.106.081,53","110.146,28","109.221,14","108.215,19","111.647,46","111.647,46","111.647,46","111.520,66","110.906,26","111.574,67","109.554,95",0,0,"302.061,79","27.405,24","16.072,33","68.763,27","67.772,79","75.533,07","13.287,62","13.475,02","2.147,73","3.052,73","13.667,56",0,0
 ADRIANO ANTÔNIO AVELAR,M,84,1,7,9,0,0, 06/09/1969,"33.763,00",0,"1.091.517,67","109.773,26","106.916,25","106.916,25","107.440,95","110.064,42","109.807,22","110.492,94","109.977,54","110.064,42","110.064,42",0,0,"238.725,15","26.827,37","31.162,48","34.102,08","32.659,20","43.822,18","18.733,88","26.482,48","13.619,31","5.864,59","5.451,58",0,0
 ALEXANDRE FROTA DE ANDRADE,M,57,2,33,7,0,5, 14/10/1963,"33.763,00",0,"1.086.843,56","107.991,60","111.429,16","109.887,26","108.754,73","110.016,99","107.515,45","106.646,50","110.875,93","109.669,60","104.056,34",0,0,"382.514,62","47.863,87","40.252,01","44.806,14","24.966,69","42.290,53","37.104,55","24.453,51","44.820,06","21.506,06","34.451,20",0,0
 AGUINALDO VELLOSO BORGES RIBEIRO,M,69,1,5,14,10,3, 13/02/1969,"33.763,00",0,"1.111.197,30","111.119,73","111.119,73","111.119,73","111.119,73","111.119,73","111.119,73","111.119,73","111.119,73","111.119,73","111.119,73",0,0,"240.198,29","15.195,95","42.563,48","38.064,38","47.346,47","40.346,90","35.149,41","21.531,70",0,0,0,0,0
 AFONSO BANDEIRA FLORENCE,M,79,0,13,7,15,2, 15/10/1960,"33.763,00",0,"1.113.757,81","111.448,69","111.580,78","111.503,72","111.580,81","111.279,06","111.350,26","110.053,76","111.653,57","111.653,58","111.653,58",0,0,"323.535,74","49.117,18","40.471,77","63.232,46","51.564,67","16.600,90","32.319,33","21.335,62","19.915,04","12.458,57","16.520,20",0,0
 JOSÉ ALFONSO EBERT HAMM,M,82,1,9,23,15,4, 25/04/1962,"33.763,00",0,"1.113.027,42","111.586,80","111.586,80","111.586,80","109.249,43","111.405,22","111.659,59","111.016,81","111.616,75","111.659,61","111.659,61",0,0,"355.626,33","26.704,69","37.647,85","52.022,57","63.625,31","51.839,35","42.409,07","42.196,47","28.484,31","7.092,15","2.586,25",0,0
 FERNANDO MONTEIRO DE ALBUQUERQUE,M,87,0,5,17,3,4, 17/09/1976,"33.763,00",1,"1.095.114,70","111.665,62","111.462,42","111.451,57","108.833,71","111.665,62","111.665,62","111.665,62","110.146,43","102.361,66","104.196,43",0,0,"313.976,39","33.166,59","36.756,35","50.815,63","46.090,78","35.207,06","35.106,58","33.522,18","12.348,74","7.355,49","22.923,02",0,0
 FLAVIANO FLÁVIO BAPTISTA DE MELO,M,82,0,10,3,1,0, 17/11/1949,"33.763,00",0,"1.104.480,65","107.904,83","107.983,89","111.367,03","111.659,62","111.659,62","111.659,62","111.659,62","110.227,30","110.179,56","110.179,56",0,0,"437.655,10","34.282,68","37.155,36","51.227,13","29.713,90","79.405,70","25.480,53","38.048,40","39.592,10","55.425,57","27.323,73",0,0
 FLÁVIO RODRIGUES NOGUEIRA,M,91,0,1,39,4,0, 27/02/1953,"33.763,00",0,"1.106.884,69","110.937,69","110.937,69","111.074,66","110.962,76","111.467,18","111.544,27","111.544,27","111.544,27","111.544,27","105.327,63",0,0,"393.018,11","38.329,27","41.835,51","39.604,13","37.048,37","42.494,03","47.068,00","42.082,62","36.727,61","36.484,39","31.344,18",0,0
 FRANCO CARTAFINA GOMES,M,86,3,3,44,15,4, 03/11/1986,"33.763,00",0,"1.112.857,76","110.962,06","110.962,06","110.962,06","110.962,06","111.166,17","111.568,67","111.568,67","111.568,67","111.568,67","111.568,67",0,0,"317.134,14","28.065,10","33.009,58","43.304,17","45.119,68","52.088,32","34.699,31","22.247,15","51.692,11","4.820,12","2.088,60",0,0
 FRANCISCO RODRIGUES VALE JUNIOR,M,87,2,3,25,6,2, 15/03/1969,"33.763,00",0,"1.076.485,10","110.440,58","110.440,58","110.440,58","110.440,58","108.630,41","108.370,30","101.304,39","105.472,56","105.472,56","105.472,56",0,0,"309.142,86","17.093,58","30.616,27","50.032,21","33.547,10","38.718,63","30.008,06","31.405,20","20.504,95","10.000,71","26.688,21",0,0
 FREDERICO BORGES DA COSTA,M,83,0,9,14,5,1, 12/07/1977,"33.763,00",0,"1.077.826,83","110.167,89","108.567,01","109.305,97","109.305,97","109.563,08","108.452,71","101.554,25","109.006,01","107.977,56","103.926,38",0,0,"284.352,33","14.730,30","29.479,43","41.701,41","55.095,45","44.266,74","24.177,23","21.336,08","23.057,48","15.301,98","12.687,52",0,0
 ANTONIO RIBEIRO,M,86,0,6,30,14,4, 03/03/1944,"33.763,00",0,"1.106.146,52","110.889,19","110.889,19","110.889,19","110.313,55","109.560,78","110.047,86","110.889,19","110.889,19","110.889,19","110.889,19",0,0,"361.093,35","40.812,78","41.699,11","53.527,13","42.212,73","53.135,08","32.573,14","21.560,81","17.788,85","19.494,29","37.332,36",0,0
 ELIÉSER GIRÃO MONTEIRO FILHO,M,85,3,4,47,6,3, 08/05/1955,"33.763,00",0,"1.114.542,85","111.550,61","111.550,61","111.550,61","111.550,61","111.550,61","110.587,36","111.550,61","111.550,61","111.550,61","111.550,61",0,0,"353.477,47","37.148,25","58.184,62","39.315,76","43.316,28","45.230,05","37.619,01","23.969,66","26.317,64","11.139,62","31.236,58",0,0
 GELSON DE AZEVEDO ALMEIDA,M,88,4,0,17,13,0, 10/01/1965,"33.763,00",0,"1.112.585,65","111.429,10","111.429,10","111.429,10","111.207,70","111.523,22","111.580,75","111.580,75","111.580,75","111.580,75","109.244,43",0,0,"268.046,24","17.208,87","18.142,04","73.589,54","23.955,82","60.671,30","21.380,73","24.088,36","10.719,92","15.215,86","1.858,58",0,0
 ROBERTO SEBASTIÃO PETERNELLI JUNIOR,M,89,3,0,132,21,0, 06/08/1954,"33.763,00",0,"730.045,66","67.824,41","70.484,71","70.484,71","74.499,52","79.446,76","86.394,48","95.109,95","76.397,80","54.701,66","54.701,66",0,0,"217.684,66","17.011,69","44.800,56","44.569,19","22.660,96","25.933,02","28.500,81","13.743,54","8.753,72","5.423,58","6.241,24",0,0
 GENECIAS MATEUS NORONHA,M,58,3,31,0,0,0, 13/03/1963,"33.763,00",0,"1.012.113,82","92.989,03","98.109,44","100.534,90","101.430,22","99.984,28","106.905,63","103.040,08","103.040,08","103.040,08","103.040,08",0,0,"177.557,54","6.912,14","17.143,52","33.463,86","26.327,99","19.477,71","14.497,11","13.104,39","10.260,84","26.907,04","9.462,94",0,0
 GILLIANO FRED NASCIMENTO CUTRIM,M,76,11,5,22,27,4, 26/10/1979,"33.763,00",0,"1.115.308,02","111.301,75","111.301,75","111.619,50","111.641,41","111.641,41","111.641,41","111.641,41","111.641,41","111.641,41","111.236,56",0,0,"399.839,52","46.898,79","47.176,96","48.122,54","51.226,09","58.582,87","18.377,58","25.986,45","21.934,68","12.000,22","69.533,34",0,0
 GERVÁSIO AGRIPINO MAIA,M,81,6,5,36,14,5, 14/04/1975,"33.763,00",0,"1.105.894,42","111.615,50","110.598,88","110.561,62","110.298,77","109.955,04","109.955,04","110.552,62","111.283,45","110.263,58","110.809,92",0,0,"266.572,24","23.330,03","37.075,33","36.581,92","43.748,87","45.588,36","26.193,97","18.498,45","14.012,00","10.194,19","11.028,08",0,0
 EUGENIO JOSÉ ZULIANI,M,51,24,17,9,37,17, 13/01/1976,"33.763,00",0,"1.080.042,52","111.641,38","111.641,38","111.641,38","106.897,30","106.370,18","106.370,18","106.370,18","106.370,18","106.370,18","106.370,18",0,0,"281.317,44","35.715,90","40.468,18","42.837,22","40.713,17","63.995,25","18.553,55","16.151,75","15.973,11","2.755,29","3.475,52",0,0
 GILBERTO NASCIMENTO SILVA,M,65,0,27,29,9,3, 09/07/1956,"33.763,00",0,"1.077.002,90","110.917,37","111.198,75","111.198,75","111.198,75","106.097,59","109.244,31","100.666,68","106.570,48","106.570,48","103.339,74",0,0,"400.488,83","42.667,83","49.626,23","52.149,16","48.827,83","41.954,56","33.307,84","45.287,25","30.344,91","25.638,80","24.688,09",0,0
 GILSON MARQUES VIEIRA,M,88,0,4,40,5,5, 12/04/1981,"33.763,00",0,"798.657,16","78.079,20","78.079,20","78.079,20","79.784,92","80.772,44","80.772,44","80.772,44","80.772,44","80.772,44","80.772,44",0,0,"50.883,26","3.483,84","5.736,09","5.095,21","6.494,69","11.767,82","7.335,78","6.816,37","1.383,89","3,11","2.766,46",0,0
 GILBERTO APARECIDO ABRAMO,M,85,5,2,19,6,1, 06/08/1966,"33.763,00",0,"1.077.796,52","106.564,34","106.564,34","107.092,65","108.384,08","108.384,08","108.384,08","107.270,71","108.384,08","108.384,08","108.384,08",0,0,"216.901,65","18.146,52","22.003,33","27.404,71","34.209,75","32.718,06","23.558,03","15.039,80","18.280,76","12.603,88","12.846,34",0,0
 EMIDIO ALVES MADEIRA JUNIOR,M,80,0,12,16,2,4, 10/03/1967,"33.763,00",0,"1.114.845,39","110.980,22","110.980,22","111.528,12","111.617,15","111.623,22","111.623,22","111.623,28","111.623,32","111.623,32","111.623,32",0,0,"299.796,22","56.761,57","45.061,77","39.330,09","32.196,96","44.434,07","26.760,94","20.847,93","15.245,77","11.938,26","7.218,86",0,0
 GIOVANI BATISTA FELTES,M,91,1,0,18,4,0, 10/04/1957,"33.763,00",0,"1.095.245,29","111.083,28","111.101,04","111.544,86","109.378,77","108.521,73","109.627,69","107.747,07","108.089,89","109.075,48","109.075,48",0,0,"292.295,12","32.091,85","37.369,29","35.989,03","63.623,79","29.111,39","20.875,74","31.955,95","26.391,45","5.880,69","7.923,74",0,0
 FERNANDO LÚCIO GIACOBO,M,86,5,1,13,7,1, 17/12/1970,"33.763,00",0,"1.096.371,61","110.392,00","111.089,37","110.699,96","111.659,53","111.616,68","104.856,92","111.659,53","110.779,99","111.160,32","102.457,31",0,0,"365.841,43","27.455,42","49.074,18","58.575,31","7.832,83","52.242,70","38.497,82","8.820,58","6.333,82","4.309,92","62.608,85",0,0
 EMANUEL PINHEIRO DA SILVA PRIMO,M,70,19,3,11,7,1, 05/01/1995,"33.763,00",0,"1.067.534,67","108.820,92","109.941,35","111.435,25","111.435,25","110.245,56","109.803,54","108.192,76","97.773,24","100.583,45","99.303,35",0,0,"256.826,54","18.918,90","40.897,04","43.529,50","29.158,03","34.158,66","52.895,35","15.688,43","14.630,60","825,90","5.915,00",0,0
 GIOVANI CHERINI,M,86,3,3,40,13,3, 23/06/1960,"33.763,00",0,"1.114.323,38","111.574,70","111.574,70","111.574,70","111.574,70","111.574,70","110.520,47","111.205,28","111.574,71","111.574,71","111.574,71",0,0,"411.793,60","35.135,42","42.357,46","49.953,41","49.975,70","53.766,31","54.876,19","39.994,44","42.715,35","21.531,51","20.310,87",0,0
 ENIO JOSÉ VERRI,M,89,1,2,32,4,0, 27/03/1961,"33.763,00",0,"1.111.367,61","111.398,83","111.398,83","111.398,83","110.220,44","110.749,59","110.538,29","111.455,18","110.876,18","111.665,72","111.665,72",0,0,"341.401,56","38.190,58","37.467,64","68.879,63","38.986,43","43.960,07","29.704,02","25.886,97","22.258,37","24.764,98","11.302,87",0,0
 ENRICO VAN BLARCUM DE GRAAFF MISASI,M,87,5,0,43,21,0, 06/08/1994,"33.763,00",0,"1.106.991,70","111.586,88","111.302,18","110.816,09","106.788,80","110.974,20","110.159,38","111.013,37","111.312,77","111.544,46","111.493,57",0,0,"311.478,65","24.947,21","27.020,22","42.425,59","43.740,70","54.222,55","37.817,19","41.206,87","22.642,88","16.871,36","525,61",0,0
 EROS FERREIRA BIONDINI,M,88,0,4,33,14,1, 20/05/1971,"33.763,00",0,"836.020,40","90.223,04","90.223,04","86.035,27","78.682,22","79.786,71","78.922,44","78.922,44","79.682,04","86.771,60","86.771,60",0,0,"271.458,23","20.515,33","28.975,49","33.405,69","31.526,03","36.712,77","29.487,20","35.290,07","20.709,20","17.992,30","15.160,88",0,0
 EUCLYDES MARCOS PETTERSEN NETO,M,77,1,14,6,13,6, 15/08/1984,"33.763,00",1,"1.102.008,88","101.942,13","110.241,46","111.623,19","111.623,22","111.623,22","110.951,73","109.856,30","110.901,19","111.623,22","111.623,22",0,0,"229.414,98","39.458,55","32.301,23","28.593,33","36.303,64","35.945,83","21.880,35","11.556,55","10.510,19","6.865,31","6.000,00",0,0
 EXPEDITO GONCALVES FERREIRA NETTO,M,82,1,9,2,16,3, 05/10/1988,"33.763,00",0,"1.099.381,29","111.544,33","111.544,33","111.544,33","111.529,16","111.539,45","111.100,52","109.785,83","109.894,82","110.132,19","100.766,33",0,0,"210.097,39","14.767,54","30.093,83","31.810,97","30.510,09","25.416,15","18.925,02","27.570,19","12.641,28","1.388,85","15.991,39",0,0
 FABIO CRUZ MITIDIERI,M,54,8,10,17,19,8, 24/02/1977,"33.763,00",0,"1.085.769,32","109.876,31","106.389,76","109.876,31","109.876,31","109.876,31","107.693,02","97.566,52","111.538,26","111.538,26","111.538,26",0,0,"227.041,28","35.258,61","43.620,72","33.042,39","44.648,72","45.112,33","24.812,68","545,83",0,0,0,0,0
 FÁBIO AUGUSTO RAMALHO DOS SANTOS,M,88,4,0,19,17,0, 22/12/1961,"33.763,00",0,"1.073.082,80","106.849,52","105.995,76","104.102,48","110.337,36","103.699,99","104.762,87","104.762,87","110.775,07","111.665,77","110.131,11",0,0,"279.623,33","37.959,25","45.891,80","34.431,36","27.698,63","36.101,94","23.280,97","25.058,29","19.706,66","16.954,06","11.293,22",0,0
 EVAIR VIEIRA DE MELO,M,87,2,3,67,4,1, 02/04/1972,"33.763,00",0,"1.096.962,77","106.904,01","110.527,26","107.201,84","107.178,21","108.042,26","111.172,72","111.328,33","111.555,88","111.526,13","111.526,13",0,0,"308.184,85","38.264,38","44.663,80","61.029,26","38.441,09","43.315,06","24.394,91","23.069,95","14.844,44","2.615,55","17.430,15",0,0
 FABIO HENRIQUE SANTANA DE CARVALHO,M,90,2,0,75,22,0, 19/06/1972,"33.763,00",0,"1.103.960,07","110.763,22","111.436,47","110.870,47","105.066,49","109.456,57","110.377,32","111.465,54","111.465,54","111.465,54","111.592,91",0,0,"368.974,61","40.955,79","38.278,23","46.688,34","53.420,14","51.837,95","35.534,63","55.589,55","24.846,87","10.956,64","10.828,96",0,0
 FAUSTO RUY PINATO,M,77,3,12,43,11,11, 01/06/1977,"33.763,00",0,"980.822,68","91.753,84","90.661,58","91.078,38","93.641,40","98.083,43","98.203,30","101.733,13","105.365,38","105.151,12","105.151,12",0,0,"319.737,01","23.272,69","28.054,73","37.320,63","39.811,88","63.069,18","29.443,84","35.430,36","32.548,24","26.577,30","4.208,16",0,0
 LUIS FELIPE BONATTO FRANCISCHINI,M,86,4,2,26,39,1, 02/10/1991,"33.763,00",0,"1.107.177,89","111.598,86","111.598,86","111.598,86","111.598,86","111.598,86","111.598,86","111.598,86","110.754,73","107.237,53","107.993,61",0,0,"285.261,63","36.420,46","40.851,46","28.714,76","44.628,80","52.025,43","41.969,22","15.569,99","12.110,34","3.248,13","9.523,04",0,0
 FELIPE RIGONI LOPES,M,86,0,6,84,32,7, 13/06/1991,"33.763,00",0,"961.510,10","97.934,05","100.493,35","100.959,56","100.959,56","104.522,55","89.598,50","80.482,02","93.565,41","93.565,41","99.429,69",0,0,"304.207,28","41.526,20","36.360,96","37.743,41","40.781,58","54.439,33","34.092,96","18.297,10","23.638,57","8.762,92","8.564,25",0,0
 FELIX DE ALMEIDA MENDONÇA JÚNIOR,M,86,0,6,30,16,8, 29/11/1963,"33.763,00",0,"1.093.456,69","111.574,69","111.574,69","111.574,69","111.574,69","111.574,69","99.983,33","107.556,02","108.772,32","109.170,84","110.100,73",0,0,"317.051,45","30.256,20","36.235,51","35.264,16","42.584,56","50.388,49","23.719,29","43.121,12","20.178,34","14.497,37","19.187,20",0,0
 FÁBIO RICARDO TRAD,M,90,1,1,88,3,0, 18/08/1969,"33.763,00",0,"1.112.229,14","111.501,88","111.501,88","111.501,88","111.324,76","111.501,88","111.501,88","111.501,88","111.501,88","110.217,75","110.173,47",0,0,"152.297,71","9.479,45","21.339,35","11.214,78","41.034,10","25.209,13","12.053,32","5.465,70","14.089,48","2.400,90","10.011,50",0,0
 FABIO DE ALMEIDA REIS,M,80,8,4,35,1,0, 15/04/1977,"33.763,00",0,"1.107.209,05","108.307,92","109.336,37","109.408,57","111.574,66","111.574,66","111.574,66","111.574,66","111.574,66","111.574,66","110.708,23",0,0,"311.152,08","39.865,80","33.581,68","32.144,11","43.493,01","38.648,54","34.772,71","32.086,43","21.185,40","13.796,32","20.587,04",0,0
 FELÍCIO LATERÇA DE ALMEIDA,M,84,1,7,103,6,6, 26/05/1967,"33.763,00",0,"1.070.004,37","103.822,74","108.245,62","111.562,78","109.721,17","92.281,25","106.166,20","108.227,55","109.988,01","108.902,30","111.086,75",0,0,"343.719,83","33.761,68","41.861,86","62.060,32","40.359,41","38.642,49","19.555,55","32.436,61","22.935,73","20.966,82","30.530,69",0,0
 CARLOS ALBERTO DE SOUSA ROSADO SEGUNDO,M,77,2,13,18,7,9, 01/02/1982,"33.763,00",0,"1.114.457,24","111.436,53","111.580,74","111.495,03","111.145,61","111.498,95","111.507,99","111.507,99","111.485,68","111.392,71","111.406,01",0,0,"411.553,49","37.157,27","49.871,28","47.518,82","51.520,30","44.584,40","32.245,60","35.040,79","36.239,48","25.857,60","51.517,95",0,0
 ALCIBIO MESQUITA BIBO NUNES,M,90,1,1,33,23,0, 09/01/1957,"33.763,00",0,"978.080,61","107.838,27","106.661,35","107.626,01","107.100,08","108.678,71","110.863,76","102.938,79","80.792,43","71.989,13","73.592,08",0,0,"439.324,04","36.377,50","114.136,35","111.815,04","46.216,96","43.243,88","31.393,94","31.363,41","20.069,13","4.504,01","203,82",0,0
 JOSÉ ROBERTO OLIVEIRA FARO,M,82,10,0,5,17,0, 20/06/1969,"33.763,00",0,"1.107.132,60","111.210,84","110.666,21","109.899,05","111.210,84","111.210,84","110.568,67","110.434,02","111.210,84","111.210,84","109.510,45",0,0,"343.680,40","50.640,64","51.528,80","51.595,33","38.245,47","56.264,93","15.343,49","16.815,59","14.152,72","12.879,36","8.054,07",0,0
 LUIZ BENES LEOCADIO DE ARAUJO,M,88,1,3,35,6,2, 22/04/1966,"33.763,00",0,"1.070.001,74","110.203,77","110.203,77","106.658,99","104.203,11","106.527,95","105.841,47","105.921,33","105.964,18","107.249,74","107.227,43",0,0,"344.846,46","32.697,33","37.181,80","51.640,86","47.232,83","43.851,34","39.594,20","33.482,93","21.709,18","17.997,68","19.068,31",0,0
 FELIPE AUGUSTO LYRA CARRERAS,M,77,11,4,70,41,1, 16/04/1975,"33.763,00",0,"1.110.530,22","108.137,52","111.659,58","111.659,58","111.659,58","111.659,58","111.571,02","109.331,88","111.617,16","111.617,16","111.617,16",0,0,"169.230,68","14.274,35","20.364,98","19.915,93","14.515,87","21.740,82","16.037,40","21.745,42","29.974,45","4.715,52","5.945,94",0,0
 HUMBERTO REZENDE PEREIRA,M,87,3,2,29,42,3, 14/11/1977,"33.763,00",0,"1.114.088,41","111.514,04","111.586,80","110.868,87","111.514,00","111.457,65","111.586,78","110.672,43","111.629,28","111.629,28","111.629,28",0,0,"317.620,57","31.302,38","37.733,45","46.071,17","46.424,41","43.050,57","37.786,28","29.839,31","16.128,37","5.877,55","23.407,08",0,0
 FÁBIO LUIZ SCHIOCHET FILHO,M,85,4,3,20,5,2, 31/05/1988,"33.763,00",0,"1.114.119,12","111.568,63","111.568,63","111.568,63","111.568,63","111.568,63","111.544,55","111.526,14","111.107,56","111.107,56","110.990,16",0,0,"366.563,96","37.195,31","40.305,37","42.043,11","46.815,31","43.700,43","50.167,04","38.185,13","25.939,12","21.593,26","17.300,62",0,0
 UBIRAJARA DO PINDARÉ ALMEIDA SOUSA,M,82,0,10,21,26,10, 01/11/1968,"33.763,00",0,"1.115.746,50","111.574,65","111.574,65","111.574,65","111.574,65","111.574,65","111.574,65","111.574,65","111.574,65","111.574,65","111.574,65",0,0,"387.766,48","20.679,85","23.825,08","34.402,73","76.284,21","96.746,00","27.251,80","28.044,88","18.372,93","31.746,67","30.336,85",0,0
 OLAVO BILAC PINTO NETO,M,80,7,5,54,7,3, 08/06/1963,"33.763,00",0,"1.114.014,41","111.532,26","111.532,26","111.532,26","111.532,26","111.532,26","110.224,07","111.532,26","111.532,26","111.532,26","111.532,26",0,0,"366.957,28","38.107,55","39.391,23","36.766,95","36.370,18","36.320,33","35.989,93","35.978,06","36.058,35","36.004,29","35.970,41",0,0
 ELVINO JOSÉ BOHN GASS,M,90,0,2,24,15,0, 05/02/1962,"33.763,00",0,"1.113.456,25","111.641,36","111.557,99","111.508,13","111.641,38","111.641,38","110.811,40","111.604,98","111.604,98","111.604,98","109.839,67",0,0,"356.144,70","30.693,35","43.618,49","51.772,61","63.215,02","45.029,72","40.093,42","35.113,72","22.679,14","12.788,68","11.078,65",0,0
 NICOLINO BOZZELLA JUNIOR,M,83,1,8,42,9,5, 17/08/1980,"33.763,00",0,"1.108.661,55","111.623,09","111.642,57","107.512,59","110.707,93","111.134,28","111.357,59","110.509,90","111.392,57","111.392,57","111.388,46",0,0,"323.600,79","29.348,65","39.636,09","43.735,10","36.718,08","40.304,87","30.143,90","40.029,84","26.482,22","25.062,37","11.174,19",0,0
 JOSE AUGUSTO ROSA,M,85,4,3,29,39,2, 04/10/1966,"33.763,00",0,"1.109.989,13","111.659,59","110.586,80","107.796,83","111.659,59","111.659,59","111.659,59","110.759,70","110.888,26","111.659,59","111.659,59",0,0,"297.009,79","32.590,99","30.742,36","42.982,94","38.181,18","46.093,18","19.473,47","21.678,43","15.614,72","14.321,17","34.465,04",0,0
 CARLOS FELIPE VAZQUEZ DE SOUZA LEÃO,M,71,16,5,12,14,3, 03/11/1979,"33.763,00",0,"1.084.232,34","107.850,28","108.483,94","109.030,38","109.215,09","109.215,09","107.121,98","105.670,31","109.215,09","109.215,09","109.215,09",0,0,"366.087,19","30.097,59","41.252,22","49.713,11","49.721,69","45.749,21","41.212,41","38.074,00","37.034,37","15.502,42","17.509,15",0,0
 CARLOS CAMILO GÓES CAPIBERIBE,M,89,0,3,67,20,5, 23/05/1972,"33.763,00",0,"1.098.429,16","111.508,06","111.508,06","111.508,06","111.508,06","110.034,25","109.670,30","105.908,91","110.137,58","107.941,38","108.704,50",0,0,"337.744,18","57.270,81","54.545,96","40.139,58","50.674,76","29.912,43","32.899,67","36.174,05","9.998,80","8.076,55","18.051,57",0,0
 ALBERTO BARROS CAVALCANTE NETO,M,88,2,2,66,3,1, 05/05/1982,"33.763,00",0,"1.108.460,75","111.524,06","108.183,95","109.814,87","109.505,49","111.520,15","111.370,71","111.635,38","111.635,38","111.635,38","111.635,38",0,0,"240.537,12","10.761,97","32.144,12","50.784,42","59.974,73","36.167,69","18.635,29","18.846,91","9.376,93","3.645,06","200,00",0,0
 FABIO ABREU COSTA,M,90,1,1,56,9,0, 31/12/1972,"33.763,00",0,"1.112.307,70","111.501,54","111.425,25","109.950,47","110.995,45","111.125,87","111.505,00","111.580,82","111.580,83","111.580,83","111.061,64",0,0,"411.441,61","27.176,43","43.044,36","37.886,06","54.828,28","65.451,97","38.676,13","33.219,21","38.283,53","44.917,64","27.807,28",0,0
 JOÃO BOSCO DA COSTA,M,88,2,2,37,9,0, 28/09/1950,"33.763,00",0,"1.096.871,16","109.107,22","111.544,51","111.544,51","111.544,51","111.544,51","111.544,51","111.544,51","106.200,33","104.641,61","107.654,94",0,0,"377.536,38","31.663,79","50.001,03","50.347,54","42.678,14","42.852,09","50.270,89","42.871,55","39.751,16","27.086,09","14,10",0,0
 WAGNER SOUSA GOMES,M,31,2,0,0,1,0, 21/01/1979,"33.763,00",0,"1.112.741,02","110.473,50","110.107,68","111.586,87","111.652,64","111.665,79","110.952,40","111.665,74","111.665,74","111.665,74","111.304,92",0,0,"117.995,94","55.521,07","32.236,66","11.029,18","-R$23.938,40","12.950,64","18.376,97","6.416,85","4.739,03","663,94",0,0,0
 CARLOS GOMES BEZERRA,M,29,0,0,0,0,0, 04/11/1941,"33.763,00",0,"1.115.384,57","111.611,13","111.611,13","111.611,13","111.611,13","111.611,13","111.611,13","110.884,40","111.611,13","111.611,13","111.611,13",0,0,"190.129,10","17.099,28","53.701,17","2.047,03","848,36","647,00","58.238,75","57.547,51",0,0,0,0,0
 CARLOS ALBERTO CHIODINI,M,85,3,4,25,8,6, 08/03/1982,"33.763,00",2,"1.088.228,66","110.052,14","109.597,20","107.219,44","108.994,73","109.943,02","110.230,95","107.098,15","107.098,15","107.098,15","110.896,73",0,0,"257.915,07","21.142,87","33.080,35","34.458,92","35.659,60","28.696,29","31.410,11","38.827,88","16.920,33","11.149,03","6.369,69",0,0
 Carlos Roberto Coelho de Mattos Júnior,M,84,5,3,10,0,0, 08/02/1982,"33.763,00",0,"1.079.427,92","107.840,49","111.522,26","105.827,62","98.809,78","110.447,03","111.102,14","104.135,41","108.845,03","110.375,04","110.523,12",0,0,"193.058,73","17.012,14","20.943,23","27.544,00","16.413,28","29.052,38","31.940,35","20.649,20","10.845,10","8.605,79","8.978,05",0,0
 GUILHERME MURARO DERRITE,M,90,2,0,21,0,0, 10/10/1984,"33.763,00",0,"1.087.142,69","111.429,18","111.429,18","111.078,93","111.198,68","111.198,68","111.198,68","104.902,34","104.902,34","104.902,34","104.902,34",0,0,"311.577,86","33.369,05","45.785,15","42.375,69","37.535,61","31.336,58","34.084,37","31.084,94","27.610,70","13.235,82","15.159,95",0,0
 ALIEL MACHADO BARK,M,87,1,4,24,18,4, 26/02/1989,"33.763,00",1,"1.081.191,02","104.192,43","107.598,59","109.833,85","109.833,85","109.833,85","109.833,85","109.833,85","107.741,73","105.688,07","106.800,95",0,0,"342.766,01","22.858,25","39.946,86","59.163,45","38.533,06","76.089,49","24.295,38","28.273,90","23.005,48","12.282,83","17.143,63",0,0
 CARLOS HENRIQUE FOCESI SAMPAIO,M,87,4,1,14,5,0, 31/03/1963,"33.763,00",0,"1.059.385,24","103.852,96","107.767,17","108.820,89","108.820,89","108.689,99","104.762,85","103.243,66","104.762,85","104.762,85","103.901,13",0,0,"314.513,00","25.615,74","54.934,33","51.456,20","45.438,40","42.806,53","22.600,90","21.181,85","14.951,58","15.364,01","20.163,46",0,0
 ALTINEU CÔRTES FREITAS COUTINHO,M,70,0,22,0,0,0, 13/09/1968,"33.763,00",0,"1.085.480,54","101.858,85","106.309,60","106.309,60","108.949,45","109.609,41","109.433,70","108.595,22","111.471,57","111.471,57","111.471,57",0,0,"168.317,68","22.950,23","23.219,48","33.714,07","29.471,47","28.820,90","22.012,04","2.946,96","3.780,62","1.343,75","58,16",0,0
 ALUISIO GUIMARAES MENDES FILHO,M,89,2,1,72,22,0, 11/11/1961,"33.763,00",0,"1.054.299,62","100.867,02","99.710,02","103.375,35","105.273,59","107.753,29","105.155,90","106.424,88","107.753,29","108.904,58","109.081,70",0,0,"308.455,37","25.340,80","36.588,93","41.060,22","31.580,50","47.983,46","29.134,59","32.169,00","33.370,12","18.433,71","12.794,04",0,0
 ANDRE DOS SANTOS ABDON,M,90,2,0,5,40,0, 10/11/1970,"33.763,00",0,"1.110.523,74","111.623,17","111.623,17","110.842,44","110.847,15","110.559,33","111.023,24","110.484,74","111.194,25","111.641,56","110.684,69",0,0,"399.126,66","39.635,39","56.554,49","50.324,98","62.832,08","41.453,80","28.539,51","28.094,20","30.183,38","21.202,11","35.783,42",0,0
 ANDRE LUIZ CARVALHO RIBEIRO,M,63,0,29,2,8,1, 27/08/1989,"33.763,00",0,"1.108.487,53","111.010,61","111.270,57","111.617,19","111.617,19","111.617,19","110.019,66","106.829,30","111.501,94","111.501,94","111.501,94",0,0,"287.130,16","24.003,48","26.127,61","39.048,96","35.638,26","42.647,02","37.783,22","29.531,60","32.503,83","19.437,13","409,05",0,0
 ANDRÉ CARLOS ALVES DE PAULA FILHO,M,76,0,16,0,0,0, 22/07/1961,"33.763,00",0,"1.107.604,68","109.116,87","111.004,52","111.278,47","111.611,12","110.204,24","109.741,82","111.647,49","111.424,82","111.426,29","110.149,04",0,0,"340.822,48","34.262,23","35.056,09","41.491,46","36.132,62","46.281,81","38.561,19","41.546,24","23.271,30","16.356,59","27.862,95",0,0
 AMARO ROCHA NASCIMENTO NETO,M,92,0,0,20,7,0, 04/12/1976,"33.763,00",0,"1.112.084,94","111.222,90","111.222,90","111.222,90","111.222,90","111.222,90","110.933,36","111.259,27","111.259,27","111.259,27","111.259,27",0,0,"270.971,02","42.292,73","23.497,16","34.426,77","47.806,82","44.977,07","20.179,17","24.764,49","7.547,57","18.792,57","5.728,27",0,0
 ANDRÉ PEIXOTO FIGUEIREDO LIMA,M,87,0,5,72,23,9, 10/11/1966,"33.763,00",0,"1.100.603,80","111.397,30","109.731,85","111.580,84","111.580,84","106.864,96","109.042,51","109.730,58","109.931,92","110.707,37","110.035,63",0,0,"392.555,80","34.462,62","48.224,65","72.127,49","49.023,71","44.041,52","37.230,57","31.041,15","43.503,48","14.392,69","18.507,92",0,0
 JOÃO BOSCO GOMES SARAIVA,M,71,18,3,16,9,1, 10/10/1959,"33.763,00",0,"1.112.738,23","111.611,12","111.611,12","109.394,55","111.611,12","111.611,12","111.393,56","111.146,01","111.574,73","111.574,73","111.210,17",0,0,"439.146,04","36.572,34","70.842,66","44.263,27","65.965,82","34.723,62","32.000,51","62.345,58","33.068,34","15.213,66","42.105,16",0,0
 Alexis Joseph Steverlynck Fonteyne,M,87,5,0,69,10,0, 19/08/1967,"33.763,00",0,"588.885,13","61.420,54","57.990,13","52.202,06","51.959,82","52.576,18","60.029,82","67.419,11","64.529,03","60.379,22","60.379,22",0,0,"173.097,56","15.079,30","25.352,66","21.515,84","17.575,86","19.090,52","15.633,19","14.939,48","14.874,72","14.285,99","14.750,00",0,0
 ANTONIO CARLOS GOMES DA SILVA,M,92,0,0,21,4,2, 13/06/1972,"33.763,00",0,"1.012.698,46","92.948,89","99.271,45","96.032,28","98.637,08","102.490,61","102.621,52","102.621,52","104.715,99","106.679,56","106.679,56",0,0,"266.017,48","18.748,87","25.578,63","34.691,71","31.224,22","55.517,35","34.811,05","23.121,54","21.226,21","8.490,46","11.675,18",0,0
 ANDRÉ FERREIRA RODRIGUES,M,71,7,14,2,0,0, 10/12/1972,"33.763,00",0,"1.115.031,78","111.547,27","111.623,19","111.492,29","110.929,67","111.623,22","111.623,22","111.623,22","111.323,26","111.623,22","111.623,22",0,0,"392.854,35","45.126,24","53.733,48","58.870,22","30.040,51","48.678,14","39.121,05","35.898,03","34.422,07","27.181,46","14.514,57",0,0
 CARLOS HENRIQUE AMORIM,M,79,12,1,33,24,1, 21/04/1961,"33.763,00",0,"1.014.767,71","107.089,41","100.838,78","96.663,69","98.112,79","100.925,82","94.627,79","96.910,28","103.302,09","107.870,51","108.426,55",0,0,"365.968,75","38.480,40","54.727,25","51.686,19","49.827,56","38.169,71","34.594,12","36.583,75","31.857,00","13.639,42","15.863,38",0,0
 ANDRE LUIS GASPAR JANONES,M,87,4,1,50,12,1, 05/05/1984,"33.763,00",0,"1.113.576,56","111.562,47","109.429,47","111.562,47","111.562,47","111.562,47","111.562,47","111.562,47","111.562,47","111.574,59","111.635,21",0,0,"300.594,88","22.256,52","30.867,91","30.909,27","30.603,82","51.016,32","28.645,22","24.293,97","28.516,35","25.058,33","26.341,83",0,0
 ANTONIO LUIZ PARANHOS RIBEIRO LEITE DE BRITO,M,92,0,0,9,22,0, 17/01/1969,"33.763,00",0,"1.112.297,24","111.574,71","111.574,71","111.574,71","111.574,71","111.574,71","111.574,71","109.488,06","111.048,56","111.156,18","111.156,18",0,0,"362.052,15","38.429,43","62.878,28","57.315,01","50.615,34","39.459,44","46.092,84","38.070,01","25.431,95","1.872,37","1.887,48",0,0
 ARLINDO CHIGNALIA JUNIOR,M,86,0,6,17,4,2, 24/12/1949,"33.763,00",1,"1.106.682,95","109.865,31","106.598,33","111.574,67","110.818,25","111.423,01","111.423,01","111.441,40","111.141,83","111.198,57","111.198,57",0,0,"245.857,25","19.052,73","30.374,76","36.361,36","25.872,86","41.568,90","29.151,95","23.823,60","23.079,38","10.039,24","6.532,47",0,0
 ARNALDO CALIL PEREIRA JARDIM,M,85,1,6,15,14,10, 08/05/1955,"33.763,00",1,"1.103.931,04","104.913,63","107.636,03","110.655,63","111.532,25","111.532,25","111.532,25","111.532,25","111.532,25","111.532,25","111.532,25",0,0,"328.959,06","37.823,57","38.275,84","51.482,16","49.828,38","44.393,29","33.383,18","26.614,91","20.321,40","23.947,50","2.683,35",0,0
 JOSE AROLDO SOUZA MARTINS,M,82,3,7,11,9,3, 03/07/1961,"33.763,00",0,"1.108.830,41","111.647,50","111.647,50","110.268,42","111.611,13","111.611,13","110.803,16","107.763,81","110.182,72","111.647,52","111.647,52",0,0,"298.716,92","31.512,26","37.662,65","36.689,17","28.982,93","39.208,71","34.863,74","19.929,95","17.257,74","26.924,82","25.684,95",0,0
 ÁTILA SIDNEY LINS ALBUQUERQUE,M,70,18,4,10,52,6, 22/11/1950,"33.763,00",0,"1.101.916,24","111.623,25","110.285,75","109.839,91","110.283,10","110.284,46","111.392,74","111.392,74","108.991,46","106.430,09","111.392,74",0,0,"375.647,89","40.815,08","48.656,08","88.960,10","25.226,78","25.627,51","55.751,96","39.958,79","40.308,69","8.433,75","1.909,15",0,0
 ARTHUR DE OLIVEIRA MAIA DA SILVA,M,76,10,6,28,4,3, 17/08/1964,"33.763,00",0,"1.068.263,22","104.391,37","106.164,17","109.590,30","109.514,20","110.873,08","108.274,74","108.274,74","106.502,35","102.202,45","102.475,82",0,0,"374.324,80","35.308,01","40.284,32","38.045,65","42.004,01","39.008,65","42.234,93","39.329,37","39.706,79","28.272,13","24.268,90",0,0
 LUIZ FELIPE BALEIA TENUTO ROSSI,M,79,0,13,21,16,6, 09/06/1972,"33.763,00",0,"1.047.898,19","109.118,18","109.118,18","109.118,18","109.118,18","109.118,18","107.972,95","98.261,16","98.691,06","98.691,06","98.691,06",0,0,"274.145,52","27.400,21","26.621,74","33.713,16","35.517,65","26.901,38","39.593,94","20.224,43","23.443,38","20.430,29","20.134,38",0,0
 AUGUSTO RODRIGUES COUTINHO DE MELO,M,87,3,2,39,21,2, 22/10/1962,"33.763,00",0,"1.078.338,72","109.231,24","110.580,87","111.483,62","106.382,46","107.116,23","110.687,98","104.644,11","107.177,08","106.702,93","104.332,20",0,0,"383.544,66","45.160,36","50.282,74","31.848,38","47.084,27","51.557,80","50.070,10","37.472,37","25.761,40","16.881,02","16.228,91",0,0
 JOAO CARLOS BACELAR BATISTA,M,82,0,10,22,17,13, 09/07/1957,"33.763,00",1,"1.114.175,05","111.532,23","111.532,23","111.269,06","111.532,24","111.460,04","110.935,35","111.387,83","111.532,24","111.532,24","111.461,59",0,0,"326.294,18","26.982,79","49.961,02","42.450,93","40.683,54","42.946,51","35.557,84","34.806,54","38.149,53","1.144,94","13.296,88",0,0
 ÁTILA FREITAS LIRA,M,78,4,10,38,16,2, 07/04/1947,"33.763,00",0,"1.116.233,20","111.623,32","111.623,32","111.623,32","111.623,32","111.623,32","111.623,32","111.623,32","111.623,32","111.623,32","111.623,32",0,0,"362.588,62","27.368,18","28.286,74","49.504,22","57.242,97","40.024,49","40.329,03","36.082,10","38.121,27","26.915,69","18.651,67",0,0
 DANIEL PIRES COELHO,M,91,1,0,6,0,0, 04/11/1978,"33.763,00",0,"1.114.987,92","111.319,00","111.580,81","111.580,81","111.580,81","111.332,51","111.580,82","111.559,70","111.471,69","111.474,71","111.507,06",0,0,"356.643,22","56.899,01","47.545,19","47.271,20","44.454,63","36.128,30","30.323,85","32.107,75","22.965,49","20.599,99","18.151,21",0,0
 AUREO LIDIO MOREIRA RIBEIRO,M,87,4,1,44,1,0, 17/02/1979,"33.763,00",0,"1.093.262,21","109.256,70","110.855,41","110.114,53","105.572,72","110.342,51","109.761,58","109.008,81","108.623,14","109.008,81","110.718,00",0,0,"236.214,63","13.290,11","19.340,29","35.830,76","34.360,09","77.355,81","25.856,64","21.729,25","2.536,72","3.535,30","2.379,66",0,0
 DANIEL LUCIO DA SILVEIRA,M,89,2,1,87,58,1, 25/11/1982,"33.763,00",0,"1.050.905,67","104.730,18","106.558,15","108.774,14","109.706,94","105.193,39","103.433,49","86.143,80","107.120,36","107.862,35","111.382,87",0,0,"304.626,81","35.637,58","37.560,86","37.098,84","37.913,96","39.709,62","33.297,09","28.745,65","27.784,42","13.563,62","12.600,99",0,0
 DANILO JORGE DE BARROS CABRAL,M,83,6,3,8,22,6, 21/04/1967,"33.763,00",0,"1.005.945,69","95.045,26","95.045,26","94.090,38","98.095,56","99.861,52","99.861,52","100.443,65","100.923,05","111.114,04","111.465,45",0,0,"272.413,48","23.243,32","23.195,87","25.003,47","45.722,17","49.445,71","26.152,01","32.469,21","12.877,47","8.866,71","24.597,36",0,0
 DANIEL GOMES DE ALMEIDA,M,90,0,2,38,37,0, 21/01/1955,"33.763,00",0,"1.116.596,10","111.659,61","111.659,61","111.659,61","111.659,61","111.659,61","111.659,61","111.659,61","111.659,61","111.659,61","111.659,61",0,0,"355.283,65","58.756,35","47.548,42","44.459,65","51.389,18","32.596,32","29.676,29","18.598,64","16.188,74","14.756,90","40.472,41",0,0
 DANRLEI DE DEUS HINTERHOLZ,M,50,11,7,17,27,9, 18/04/1973,"33.763,00",0,"702.641,09","0,00","0,00","3.313,89","88.602,16","92.253,84","99.507,11","95.073,08","107.705,84","108.196,00","107.989,17",0,0,"217.902,33","39.413,57","38.636,46","43.580,07","37.837,68","23.198,87","19.647,18","15.588,50",0,0,0,0,0
 DANIEL COSTA DE FREITAS,M,77,15,0,3,0,0, 03/04/1982,"33.763,00",0,"1.099.503,46","105.697,03","105.697,03","109.243,35","110.816,55","110.933,95","111.423,11","111.423,11","111.423,11","111.423,11","111.423,11",0,0,"294.909,83","38.606,89","24.248,40","40.255,97","47.999,13","45.138,90","30.847,10","32.894,95","25.917,35","4.096,46","4.904,68",0,0
 DANIEL TRZECIAK DUARTE,M,86,0,6,31,6,8, 04/11/1986,"33.763,00",0,"1.044.495,31","105.455,53","105.415,99","105.436,13","105.982,05","108.226,36","109.497,39","106.036,48","94.998,83","99.412,79","104.033,76",0,0,"211.143,36","9.307,83","15.211,53","15.150,23","39.352,32","18.241,57","20.817,46","28.100,30","16.051,09","16.840,25","32.070,78",0,0
 FRANCISCO DANILO BASTOS FORTE,M,86,3,3,42,21,2, 01/09/1958,"33.763,00",0,"1.052.260,59","109.573,04","105.109,88","101.753,78","107.930,59","108.735,93","108.600,66","101.671,79","104.239,59","101.843,93","102.801,40",0,0,"397.193,34","67.906,91","48.807,99","40.578,79","52.959,10","80.716,86","57.550,28","22.707,17","9.622,62","6.546,36","9.678,36",0,0
 DAVID MICHAEL DOS SANTOS MIRANDA,M,66,11,15,23,7,4, 10/05/1985,"33.763,00",0,"937.841,64","111.544,37","111.544,37","56.799,55","64.345,04","100.004,66","94.914,31","97.663,21","102.324,88","100.368,27","98.332,98",0,0,"243.844,22","35.259,28","43.349,65","32.853,62","45.091,15","29.890,05","33.147,86","10.128,77","8.151,54","359,02","5.613,28",0,0
 ARTHUR CÉSAR PEREIRA DE LIRA,M,74,0,18,0,0,0, 25/06/1969,"33.763,00",0,"1.114.717,20","111.471,72","111.471,72","111.471,72","111.471,72","111.471,72","111.471,72","111.471,72","111.471,72","111.471,72","111.471,72",0,0,"176.874,01","16.589,40","24.456,70","24.580,67","25.462,74","25.368,31","17.145,09","10.852,76","12.044,58","18.813,51","1.271,15",0,0
 DARCI DE MATOS,M,80,10,2,55,9,3, 08/11/1961,"33.763,00",0,"1.112.429,82","111.593,97","111.623,31","111.579,26","111.659,67","111.659,67","110.174,35","110.543,76","111.508,04","111.508,04","110.579,75",0,0,"264.386,24","27.456,09","36.324,08","39.593,29","38.942,67","42.279,75","18.366,03","26.329,15","14.161,38","1.290,05","19.146,68",0,0
 DAVID BEZERRA RIBEIRO SOARES,M,63,3,11,47,1,12, 21/12/1973,"33.763,00",2,"1.068.591,77","103.135,91","105.402,63","105.964,51","99.800,43","107.637,25","108.516,33","107.977,68","108.297,02","111.277,52","110.582,49",0,0,"183.939,37","31.858,14","35.507,14","29.111,16","37.770,69","23.083,39","13.606,57","7.900,18","4.802,08","300,02",0,0,0
 ANTÔNIO DA LUZ FURTADO,M,90,1,1,73,18,6, 06/01/1972,"33.763,00",0,"1.115.182,54","110.967,56","111.125,87","111.617,20","111.617,20","111.617,20","111.623,07","111.653,61","111.653,61","111.653,61","111.653,61",0,0,"282.344,68","34.263,89","43.088,49","42.959,20","32.920,98","47.359,21","16.303,12","19.852,22","12.243,23","8.009,70","21.960,09",0,0
 PABLO OLIVA SOUZA,M,78,14,0,112,30,0, 26/07/1976,"33.763,00",0,"977.905,08","99.985,47","73.344,51","92.308,59","99.950,28","106.315,17","106.987,85","101.323,39","101.342,41","107.310,62","89.036,79",0,0,"360.476,10","28.267,00","51.491,99","65.512,79","64.732,08","41.341,87","31.189,75","32.398,76","26.832,20","17.440,00","988,39",0,0
 DOMINGOS GOMES DE AGUIAR NETO,M,79,7,6,30,25,6, 29/04/1988,"33.763,00",0,"1.105.842,15","111.544,43","111.544,43","110.497,19","107.599,23","111.235,68","111.617,24","111.617,24","111.617,24","111.617,24","106.952,23",0,0,"341.688,98","33.731,48","52.313,10","36.169,17","53.317,93","77.719,59","22.751,47","19.502,64","3.346,59","2.837,01","40.000,00",0,0
 DIEGO ALEXSANDER GONCALO PAULA GARCIA,M,89,0,3,134,43,3, 10/10/1984,"33.763,00",0,"916.158,19","93.054,98","91.310,31","97.522,54","98.459,58","96.593,67","96.173,37","99.859,25","84.300,62","79.772,64","79.111,23",0,0,"255.305,66","9.153,29","13.917,88","34.929,43","39.069,90","47.847,45","36.301,69","32.663,59","20.267,53","6.819,55","11.053,47",0,0
 DIEGO LEONARDO DE ANDRADE CARVALHO,M,70,0,22,7,9,11, 08/08/1977,"33.763,00",0,"1.109.625,13","111.580,82","111.580,82","111.580,82","111.580,82","111.580,82","111.535,53","111.241,15","110.635,35","109.154,50","109.154,50",0,0,"201.719,62","27.409,47","32.013,45","29.883,01","17.554,55","41.393,91","15.224,17","22.079,82","8.663,35","7.497,89",0,0,0
 LUIZ ANTONIO DE SOUZA TEIXEIRA JÚNIOR,M,67,25,0,14,22,0, 15/12/1973,"33.763,00",0,"1.074.387,81","97.653,62","97.653,62","108.819,42","110.434,31","110.434,31","110.434,31","110.434,31","110.413,15","111.647,44","106.463,32",0,0,"260.002,60","27.501,17","33.784,37","41.465,77","43.233,68","38.833,58","24.163,31","23.117,56","18.685,19","9.168,17","49,80",0,0
 DENIS ANDERSON DA ROCHA BEZERRA,M,88,3,1,69,9,1, 17/03/1980,"33.763,00",0,"1.078.559,49","110.743,73","108.800,92","108.144,99","106.767,55","106.327,19","107.307,01","102.136,31","107.474,82","111.617,19","109.239,78",0,0,"369.035,79","46.094,78","53.674,69","52.475,51","52.185,85","40.861,85","33.475,40","24.901,37","18.145,39","17.544,23","29.104,45",0,0
 WALDIR SOARES DE OLIVEIRA,M,86,0,6,7,44,5, 28/11/1962,"33.763,00",0,"987.728,92","101.978,63","99.618,58","96.319,60","92.534,14","92.534,14","94.998,88","101.543,63","103.436,75","102.749,57","102.015,00",0,0,"137.419,65","14.119,59","16.610,96","17.642,50","17.254,73","17.514,69","15.282,52","15.088,53","12.955,79","10.015,33","421,51",0,0
 EDER MAURO CARDOSO BARRA,M,79,10,3,4,12,0, 14/12/1960,"33.763,00",0,"1.101.131,44","111.587,65","111.029,67","109.774,54","111.611,12","111.611,12","111.168,32","110.779,91","107.856,37","107.856,37","107.856,37",0,0,"325.195,22","46.351,28","56.697,20","17.871,34","52.514,33","52.104,65","51.446,49","39.019,70","6.514,58","2.675,65",0,0,0
 CELIO ANTONIO DA SILVEIRA,M,88,0,4,31,6,1, 19/09/1959,"33.763,00",0,"1.113.420,47","111.671,79","111.671,79","111.671,79","111.671,79","111.671,79","110.968,96","109.631,33","111.578,65","111.441,29","111.441,29",0,0,"233.944,75","18.102,06","29.238,30","30.935,93","27.982,39","31.959,23","18.044,17","17.332,28","17.806,01","16.854,28","25.646,41",0,0
 CELIO ALVES DE MOURA,M,88,4,0,55,34,0, 13/08/1953,"33.763,00",0,"1.115.443,80","111.544,38","111.544,38","111.544,38","111.544,38","111.544,38","111.544,38","111.544,38","111.544,38","111.544,38","111.544,38",0,0,"433.740,30","31.534,98","24.693,74","51.336,16","56.438,80","65.154,84","58.388,47","36.339,51","45.541,60","25.197,73","35.259,62",0,0
 ANTONIO CEZAR CORREIA FREIRE,M,85,7,0,38,39,0, 12/12/1973,"33.763,00",0,"1.112.642,54","111.383,97","110.930,03","111.423,09","111.423,09","111.169,89","111.423,09","110.326,94","111.485,72","111.538,36","111.538,36",0,0,"322.276,68","37.003,29","36.167,38","38.256,80","50.290,01","47.505,37","20.781,53","34.316,10","29.210,00","16.683,05","11.517,09",0,0
 CASSIO COELHO ANDRADE,M,70,0,22,36,25,15, 12/09/1981,"33.763,00",0,"1.114.161,17","111.653,55","111.594,40","111.574,68","111.574,68","111.574,68","111.574,67","110.238,62","111.444,93","111.465,48","111.465,48",0,0,"302.152,96","21.728,53","30.200,32","26.323,38","50.683,51","58.046,30","36.031,58","14.449,73","9.264,77","3.863,84","51.561,00",0,0
 CELSO MALDANER,M,82,5,5,22,1,2, 30/08/1953,"33.763,00",0,"1.104.561,40","111.010,67","111.140,65","111.370,11","108.394,27","109.190,92","109.485,71","110.743,36","111.470,49","111.162,32","110.592,90",0,0,"315.669,00","24.041,12","30.121,77","39.390,58","32.327,41","41.007,63","27.013,34","28.086,87","25.892,83","22.035,17","45.612,04",0,0
 CELSO UBIRAJARA RUSSOMANNO,M,89,1,2,30,3,5, 20/08/1956,"33.763,00",1,"1.026.873,67","96.961,81","98.308,99","100.425,40","103.329,11","103.522,12","104.152,03","107.493,07","105.272,98","103.828,92","103.579,24",0,0,"169.493,77","5.918,88","28.583,18","23.440,72","32.244,15","24.383,53","25.438,32","19.954,21","5.651,37","1.220,62","2.658,79",0,0
 CELIO STUDART BARBOSA,M,80,9,3,16,16,3, 19/06/1987,"33.763,00",0,"1.098.247,56","111.276,50","111.198,61","111.550,82","111.653,55","111.653,55","107.237,22","111.313,87","108.312,84","107.025,30","107.025,30",0,0,"330.702,47","42.405,28","77.088,77","34.915,78","50.390,81","46.271,91","22.564,85","25.601,39","14.560,40","4.343,55","12.409,73",0,0
 CHARLLES THOMACELLI EVANGELISTA,M,88,2,2,27,4,5, 27/12/1984,"33.763,00",0,"1.059.386,34","102.330,37","102.010,39","103.658,78","105.928,21","106.859,77","104.041,72","106.811,02","110.258,36","110.258,36","107.229,36",0,0,"267.395,69","22.449,08","36.430,49","47.122,47","36.668,39","49.948,09","24.701,10","21.331,84","25.587,97","1.432,93","1.723,33",0,0
 CELSO SABINO DE OLIVEIRA,M,77,9,6,28,13,4, 29/08/1978,"33.763,00",1,"1.084.859,43","111.111,11","111.280,24","111.379,14","110.872,20","109.110,72","108.438,60","109.562,14","105.568,87","103.896,09","103.640,32",0,0,"335.516,25","35.687,11","41.271,47","41.719,51","35.533,17","53.029,49","42.929,38","37.781,33","16.249,92","14.266,05","16.996,32",0,0
 DOMINGOS SÁVIO CAMPOS RESENDE,M,87,2,3,29,6,1, 25/03/1957,"33.763,00",0,"1.108.990,28","109.833,82","109.833,82","111.183,95","111.653,56","110.747,01","110.990,37","111.313,88","110.806,11","111.313,88","111.313,88",0,0,"307.857,07","24.341,19","50.435,52","43.947,22","32.735,37","48.074,76","26.928,66","27.300,43","24.815,98","18.843,40","9.599,00",0,0
 CARLOS ALBERTO ROLIM ZARATTINI,M,86,4,2,20,19,1, 08/06/1959,"33.763,00",0,"1.115.444,20","111.544,42","111.544,42","111.544,42","111.544,42","111.544,42","111.544,42","111.544,42","111.544,42","111.544,42","111.544,42",0,0,"297.144,40","27.151,54","32.367,11","64.118,33","25.278,01","55.777,06","28.292,59","25.051,27","14.054,68","10.433,06","13.858,47",0,0
 JOSÉ CARLOS VERAS DOS SANTOS,M,89,0,3,42,33,8, 10/08/1981,"33.763,00",0,"1.062.773,43","102.271,86","100.443,89","100.443,89","105.043,78","108.026,51","106.855,41","109.678,36","109.831,56","109.119,16","111.059,01",0,0,"337.620,48","23.450,32","50.658,26","60.586,84","37.074,81","65.132,56","29.707,30","34.668,74","24.844,59","5.992,91","5.504,15",0,0
 MARCELO EDUARDO FREITAS,M,80,8,4,66,1,1, 04/03/1976,"33.763,00",0,"1.067.668,96","104.088,18","105.813,10","103.290,21","102.664,07","110.724,59","111.483,80","111.483,80","107.272,97","107.289,51","103.558,73",0,0,"286.506,30","31.421,05","43.796,10","33.737,54","24.745,40","39.348,34","29.355,58","26.303,93","19.417,00","19.550,28","18.173,84",0,0
 CHARLES FERNANDES SILVEIRA SANTANA,M,90,1,1,35,6,0, 15/03/1965,"33.763,00",0,"1.112.836,72","111.439,65","111.389,19","111.507,90","111.507,88","110.522,28","111.149,99","111.433,52","111.507,87","111.507,87","110.870,57",0,0,"317.334,15","24.256,26","47.074,05","50.658,86","46.560,45","48.292,35","27.745,84","27.027,00","19.586,71","19.284,11","6.000,00",0,0
 FRANCISCO JOSÉ D'ANGELO PINTO,M,83,6,3,31,34,2, 11/02/1953,"33.763,00",0,"1.113.229,62","111.574,71","111.574,71","110.060,41","111.423,07","111.423,07","111.423,07","111.423,07","111.423,07","111.423,07","111.481,37",0,0,"280.812,50","31.896,36","27.273,29","30.877,95","43.620,43","41.207,47","32.636,24","30.772,24","20.679,40","17.785,93","4.063,19",0,0
 DIMAS FABIANO TOLEDO JÚNIOR,M,86,1,5,18,1,3, 23/05/1973,"33.763,00",0,"965.287,10","92.717,74","90.647,71","88.844,00","89.894,36","93.796,44","94.254,41","100.197,24","96.972,36","108.044,05","109.918,79",0,0,"280.254,39","30.575,40","29.897,78","33.987,99","37.782,58","34.645,39","23.877,46","33.775,98","26.291,36","16.347,48","12.634,33",0,0
 CHRISTINO AUREO DA SILVA,M,87,0,5,22,7,7, 26/04/1962,"33.763,00",0,"1.111.010,04","111.412,57","111.647,36","107.066,29","111.310,13","111.604,92","111.604,92","111.604,92","111.604,92","111.585,50","111.568,51",0,0,"361.307,10","35.707,47","43.836,64","42.917,16","48.167,17","53.926,39","32.622,07","26.143,21","21.788,64","18.368,80","37.504,39",0,0
 CLEBER VERDE CORDEIRO MENDES,M,91,0,1,15,19,0, 10/05/1972,"33.763,00",0,"1.091.392,63","110.588,35","105.407,76","109.632,33","97.860,55","111.342,09","111.580,81","111.580,81","111.580,81","111.580,81","110.238,31",0,0,"272.909,88","14.582,42","18.944,35","47.074,36","45.118,81","99.276,90","13.222,16","16.834,74","8.782,05","4.751,79","4.322,30",0,0
 LUIZ ARMANDO SCHROEDER REIS,M,84,4,4,40,1,0, 23/06/1957,"33.763,00",0,"1.092.037,31","101.236,10","103.071,39","111.201,67","110.216,08","110.773,16","111.095,62","111.269,37","111.508,09","111.508,09","110.157,74",0,0,"242.139,22","12.148,50","26.826,54","33.216,85","48.925,26","49.749,39","25.127,17","20.027,71","10.975,22","4.534,03","9.709,47",0,0
 LUIS ANTONIO FRANCISCATTO COVATTI,M,89,3,0,33,12,1, 25/07/1987,"33.763,00",0,"1.087.781,16","110.922,09","111.617,12","107.422,09","109.771,87","110.840,89","108.844,64","97.398,86","110.212,41","110.288,12","110.463,07",0,0,"351.828,20","39.901,49","64.904,76","45.888,49","45.547,51","61.494,69","34.354,07","35.673,58","7.646,43","612,00","15.105,40",0,0
 JOÃO FRANCISCO INÁCIO BRAZÃO,M,84,8,0,50,4,0, 22/02/1962,"33.763,00",0,"1.114.045,59","111.623,18","110.117,12","110.943,03","111.623,18","111.623,18","111.623,18","111.623,18","111.623,18","111.623,18","111.623,18",0,0,"291.427,25","5.628,16","25.886,77","61.019,13","45.809,13","49.940,05","27.195,38","11.919,52","9.234,91","18.772,95","36.021,25",0,0
 JOÃO CHRISÓSTOMO DE MOURA,M,89,3,0,68,35,0, 23/06/1959,"33.763,00",0,"1.064.563,22","107.323,44","106.208,72","102.467,86","107.196,50","98.159,34","108.000,77","107.946,98","108.363,78","109.587,98","109.307,85",0,0,"367.958,23","43.569,56","50.409,86","41.654,50","41.798,47","49.488,53","35.493,95","36.213,06","25.552,93","15.905,04","27.378,01",0,0
 MARCIO TADEU ANHAIA DE LEMOS,M,88,4,0,61,14,0, 30/09/1965,"33.763,00",0,"1.088.567,27","111.127,47","109.317,63","107.351,00","101.360,55","110.345,01","108.448,48","106.340,00","111.358,01","111.459,56","111.459,56",0,0,"322.124,15","37.359,64","45.903,08","33.260,17","32.063,81","48.565,66","27.237,62","25.482,15","17.392,78","17.775,38","18.817,49",0,0
 CLÁUDIO CAJADO SAMPAIO,M,81,1,10,24,1,2, 01/12/1963,"33.763,00",1,"1.102.608,00","111.538,31","107.663,10","107.365,01","108.851,14","111.611,11","111.611,11","111.611,11","111.611,11","111.611,11","109.134,89",0,0,"315.267,50","25.338,77","40.167,84","53.444,52","42.649,60","27.640,24","33.006,34","28.893,21","31.157,71","9.849,66","22.919,61",0,0
 JOSIAS MARIO DA VITORIA,M,89,3,0,0,0,0, 02/06/1971,"33.763,00",0,"1.103.849,80","109.916,03","109.232,89","110.340,24","110.968,15","110.968,15","110.968,15","111.559,84","110.395,01","111.192,57","108.308,77",0,0,"336.091,49","39.721,75","61.373,19","36.361,78","48.373,97","37.143,23","27.515,03","30.632,01","27.567,15","23.415,71","3.962,95",0,0
 DAGOBERTO NOGUEIRA FILHO,M,80,2,10,4,0,0, 21/07/1955,"33.763,00",0,"1.111.346,73","111.166,05","111.277,60","111.277,60","111.277,60","111.277,60","111.277,60","110.863,55","110.859,05","110.859,05","111.211,03",0,0,"386.909,13","33.561,82","43.913,03","45.172,41","46.082,30","39.158,72","43.879,61","41.129,03","39.057,91","31.905,09","23.049,21",0,0
 CRISTIANO DUTRA VALE,M,80,0,12,25,3,5, 10/04/1970,"33.763,00",0,"1.053.658,38","110.040,22","103.847,89","110.040,22","105.919,51","103.859,15","98.892,22","97.650,62","104.977,00","107.755,43","110.676,12",0,0,"326.930,23","20.452,98","49.639,93","30.338,48","43.108,68","49.829,99","38.126,87","26.721,78","30.470,89","32.141,42","5.873,85",0,0
 FREDERICO DE CASTRO ESCALEIRA,M,83,9,0,24,56,0, 24/03/1977,"33.763,00",0,"1.106.826,40","111.212,41","111.201,53","110.944,53","108.641,77","111.313,96","110.772,89","111.313,96","110.891,90","111.313,96","109.219,49",0,0,"309.442,84","31.170,62","36.914,75","41.257,27","38.087,59","42.514,00","33.769,22","28.862,16","24.728,50","11.486,99","20.435,08",0,0
 ZACARIAS CALIL HAMU,M,82,4,6,85,26,6, 05/11/1953,"33.763,00",0,"806.210,41","83.672,50","77.891,18","81.413,26","83.956,98","83.956,98","83.754,79","77.891,18","77.891,18","77.891,18","77.891,18",0,0,"227.416,04","25.614,66","32.870,88","33.504,56","32.975,66","32.600,29","18.394,14","17.770,75","7.364,25","5.362,04","20.331,91",0,0
 EDILAZIO GOMES DA SILVA JUNIOR,M,87,0,5,12,0,1, 04/05/1981,"33.763,00",0,"1.113.908,02","111.402,54","111.185,22","111.659,65","111.166,30","111.659,65","111.659,65","111.659,65","110.963,46","111.241,12","111.310,78",0,0,"269.430,92","29.645,70","67.991,37","21.709,65","54.054,00","19.692,50","28.378,82","18.023,27","5.308,77","14.235,23","10.391,61",0,0
 LEONARDO RIBEIRO ALBUQUERQUE,M,91,1,0,27,2,1, 14/06/1978,"33.763,00",0,"1.047.250,04","99.981,22","100.959,57","99.231,78","108.961,58","104.982,41","110.759,92","111.287,34","105.356,57","102.212,41","103.517,24",0,0,"313.609,03","42.371,40","34.110,23","43.935,60","51.992,40","41.703,89","36.956,95","29.525,44","11.128,25","9.478,35","12.121,45",0,0
 DAMIÃO FELICIANO DA SILVA,M,81,1,10,29,24,7, 28/04/1952,"33.763,00",0,"1.061.513,65","111.054,03","106.603,56","94.753,60","91.868,67","107.855,77","111.429,12","111.429,12","109.759,06","107.977,67","108.783,05",0,0,"296.601,23","33.696,89","30.513,30","45.137,92","53.251,62","39.985,25","21.830,00","19.723,61","12.971,79","10.939,09","27.967,01",0,0
 EDUARDO NANTES BOLSONARO,M,76,2,14,27,12,6, 10/07/1984,"33.763,00",1,"1.098.174,63","111.598,86","111.533,88","111.447,23","111.308,14","109.360,58","109.301,13","107.577,22","107.577,22","108.466,86","110.003,51",0,0,"289.240,67","19.129,11","45.801,56","20.862,74","34.033,24","20.812,35","36.151,56","54.678,40","29.120,22","20.452,30","7.817,74",0,0
 EDUARDO HENRIQUE MAIA BISMARCK,M,81,0,11,72,9,7, 14/11/1981,"33.763,00",1,"1.081.811,75","108.439,60","100.116,32","102.925,37","105.453,61","109.885,00","110.998,37","110.998,37","110.998,37","110.998,37","110.998,37",0,0,"384.464,17","42.771,78","48.433,07","53.046,89","40.615,87","53.171,37","35.061,57","49.986,03","24.512,53","5.591,91","31.221,24",0,0
 EDUARDO LUIZ BARROS BARBOSA,M,92,0,0,90,17,0, 25/08/1958,"33.763,00",0,"1.114.565,19","111.453,35","111.453,35","111.453,35","111.453,35","111.453,35","111.453,35","111.453,35","111.453,35","111.453,35","111.485,04",0,0,"244.717,26","22.913,32","25.992,80","30.951,65","37.263,00","34.686,06","29.255,32","23.832,28","9.244,83","5.608,98","24.588,51",0,0
 JAZIEL PEREIRA DE SOUSA,M,69,20,3,12,26,1, 03/05/1961,"33.763,00",0,"1.115.897,66","111.279,95","111.565,34","111.653,51","111.653,51","111.653,51","111.477,80","111.653,51","111.653,51","111.653,51","111.653,51",0,0,"324.091,32","53.231,07","44.873,85","55.545,89","35.428,27","35.377,77","36.517,71","20.837,34","20.773,89","21.505,53",0,0,0
 LUIZ ALBERTO OVANDO,M,86,1,5,70,12,0, 25/09/1949,"33.763,00",0,"973.451,59","96.640,72","96.640,72","97.315,81","97.550,62","97.550,62","97.550,62","97.550,62","97.550,62","97.550,62","97.550,62",0,0,"340.885,82","40.038,05","41.231,34","52.947,39","46.480,82","47.335,38","30.870,88","29.474,27","27.038,62","21.398,59","3.657,89",0,0
 ÉDIO VIEIRA LOPES,M,71,16,5,18,5,2, 04/01/1952,"33.763,00",0,"1.109.839,83","110.495,02","110.495,02","111.469,88","111.408,97","111.368,53","111.370,96","111.441,31","111.441,31","111.441,31","108.907,52",0,0,"343.353,54","42.432,81","39.836,40","47.117,63","54.268,93","97.784,62","14.519,68","22.739,81","16.760,34","878,14","7.015,18",0,0
 JOSE EDUARDO PEREIRA DA COSTA,M,83,0,9,10,9,6, 16/02/1968,"33.763,00",0,"1.112.028,74","111.313,96","111.313,96","111.421,78","111.429,22","111.429,22","111.429,22","111.429,22","110.376,50","111.374,63","110.511,03",0,0,"327.904,71","37.602,77","27.632,71","45.130,56","42.628,52","64.988,16","22.063,45","21.894,85","13.694,30","16.136,05","36.133,34",0,0
 EDUARDO HENRIQUE DA FONTE DE ALBUQUERQUE SILVA,M,84,5,3,2,40,1, 17/10/1972,"33.763,00",0,"1.055.312,52","110.448,12","108.787,76","97.120,73","102.047,21","105.204,32","111.471,69","102.622,24","103.739,73","108.433,33","105.437,39",0,0,"312.968,63","32.850,43","40.394,52","45.258,71","48.013,04","46.806,07","25.355,86","21.639,01","25.533,18","16.448,58","10.669,23",0,0
 EFRAIM DE ARAÚJO MORAIS FILHO,M,73,10,9,6,14,5, 18/03/1979,"33.763,00",0,"1.115.589,62","111.148,60","111.617,23","111.617,23","111.617,23","111.617,23","111.617,23","111.617,23","111.617,23","111.575,98","111.544,43",0,0,"259.626,75","31.920,25","54.289,28","52.463,46","51.650,40","42.763,10","7.412,58","9.627,39","8.755,96","1,36","558,52",0,0
 EDUARDO PEDROSA CURY,M,88,1,3,73,3,1, 19/09/1963,"33.763,00",1,"989.725,85","101.582,78","92.109,71","91.148,77","97.477,96","98.965,06","103.240,48","98.460,60","98.460,60","98.460,60","109.819,29",0,0,"326.758,44","44.245,79","43.411,00","38.868,35","28.628,41","38.316,02","37.405,99","32.488,40","25.399,98","15.738,89","21.411,50",0,0
 ELI DIAS BORGES,M,81,11,0,6,11,0, 01/09/1960,"33.763,00",0,"1.104.364,78","111.130,49","111.392,69","111.205,19","108.796,48","110.064,23","111.248,28","109.041,83","110.416,27","110.246,84","110.822,48",0,0,"387.768,57","31.188,98","46.066,46","51.592,15","46.239,19","48.724,20","43.313,71","41.770,08","35.826,39","32.457,67","10.263,37",0,0
 ADRIANO ELI CORRÊA,M,82,10,0,42,27,0, 13/01/1976,"33.763,00",0,"1.048.068,72","105.205,60","105.205,60","105.205,60","105.205,60","101.881,14","104.761,01","106.115,52","106.115,52","106.115,52","102.257,61",0,0,"259.050,20","22.593,30","23.225,37","28.285,66","57.687,80","56.126,53","30.297,57","22.196,45","6.522,28","421,69","11.693,55",0,0
 ELIAS VAZ DE ANDRADE,M,82,1,9,81,14,5, 04/07/1966,"33.763,00",0,"1.074.212,44","105.866,83","105.866,83","104.555,04","105.866,83","106.630,73","108.826,95","108.826,95","108.826,95","108.826,95","110.118,38",0,0,"165.066,01","15.838,58","26.200,21","25.592,46","27.999,68","27.596,14","12.853,99","11.787,89","3.017,22","323,45","13.514,24",0,0
 ELMAR JOSE VIEIRA NASCIMENTO,M,68,0,24,1,0,0, 06/07/1970,"33.763,00",1,"1.088.843,14","111.611,09","111.611,09","111.611,09","111.095,09","111.611,09","110.283,89","98.339,09","103.946,26","108.324,61","110.409,84",0,0,"387.228,91","11.585,43","41.325,81","49.088,47","60.314,77","42.793,20","47.062,33","37.636,26","47.299,08","35.416,34","14.707,22",0,0
